﻿{"YeshovimLocations":[{"Key":"עוטף עזה 217","Value":["זיקים","כרמיה"]},{"Key":"עוטף עזה 218","Value":["נתיב העשרה","יד מרדכי"]},{"Key":"עוטף עזה 231","Value":["נירים","עין השלושה"]},{"Key":"נגב 296","Value":["א נבאר","סייד","עטאונה","אעצם","חורה","כרמים","כרמית","מולדה","מיתר","סנסנה","עוקבי"]},{"Key":"נגב 297","Value":["אבו קוידר","אבו תלול","אל חמידי","אל עת'אמין","ביר אבו אל חמאם","נבטים","שגב שלום"]},{"Key":"באר שבע 292","Value":["מסעודין אל עזאזמה","באר שבע"]}]}