﻿{"YeshovimLocations":[{"Key":"נגב 299","Value":["א דהאבשה","אבו ג'ודה","אבו ג'ווייעד","אבו קרינאת","אבו קרינאת מערבית לכסיפה","אבו רביעה","אבו רביעה צפונית לכסיפה","אל ג'וויני","אל ג'נאמי","אל עביד","אל קורעאן ב","אל קרישי","אל קרעאן","אל קרעאן דרומית לערד","אל קשכר","ג'נאביב","דריג'את","זבארגה","כוחלה","כסיפה","מכחול","נצאצרה","ערד","ערערה בנגב","קבועה","קודייראת א צאנה","קשכר נבארי"]},{"Key":"יהודה 200","Value":["א דיר במזרח הר חברון","אבו נוג'ים","אום א טלע","אום סלמונה","אום עסלה","אל ח'דר","אספר","אספר","ארטאס","בד פלוח","בווידיעה","ביאדה בהר חברון","בית רחאל","בית תעמר","ברד'עה","ג'וב א רום","ג'והזם","ג'ורת א שמעה","ד'הר חלת אל ג'אמיע","דהיישה מחנה פליטים","ואדי אל עראיס","זעתרה","ח'רזאן","חוג'ילה","חרמלה","כפר אלדד","מיניה","מעלה עמוס","מעסרה","מצד שמעון","מראח רבאח","נוקדים","עבדאללה איברהים","עובידייה","עילת עלי","ערב א שמעה","ראס סניסיל","רפידא","תוקוע","תעמרה","תקוע"]},{"Key":"יהודה 188","Value":["א דיר במערב הר חברון","אום עלאס","אל קילא","בית אולא","ח'ראס","נובא","תלם","תרקומיא"]},{"Key":"יהודה 207","Value":["א דיראת","א טבקה","א טוואני","א ריחייה","אדורה","אימריש","אל הג'רה","אל חדב","אל מאג'ור","אל מראג'ם","אל עלקה אל פוקא","אל פוואר","אל קוסור","אפיניש","בית עינון","בית עמרה","בני נעים","ג'רון א לוז","דהרייה","דומא במרכז שומרון","דורא","דיר סאמת","דיר ראזח","הר עמשא","ואדיח","זיף","ח'ירבת זיתא","ח'ירבת כרמה","ח'רסה","ח'שם אל כרם","חברון","חגי","טנא","יטא יוטה","כעאבנה","כרזה","כרמיל","כרמל","לב יתיר","מג'ד","מעון","מעין","מצדות יהודה","נגוהות","סובא","סוסיה","סימיא","סמוע","עבדה","עווד","עוזיז","ענאב אל כביר","עתניאל","פוקיקיס","פני חבר","קוואעין","קילקיס","קרית ארבע","ראבוד","ראפאת ליד סמוע","רוג'ם אום ח'יר","רוקעה","שוויכה בהר חברון","שייח' אחמד אל עבד","שמעה","שני ליבנה","תפוח","תראמה"]},{"Key":"נגב 300","Value":["א דנפירי","אבו עפאש","אל ג'רג'אווי","אל ולידי","אל כלאב","עזאזמה","עזאזמה דרומית לרמת חובב","עזאזמה דרומית לשגב שלום","עזאזמה מזרחית לרמת חובב","רמת חובב","תראבין א צאנה שבט"]},{"Key":"באר שבע 286","Value":["א זיאדנה דרומית לרהט","א זיאדנה צפונית לרהט","אל הייל","אל חוקוק","אל עתאיקה","בית קמה","גבעות בר","דבירה","הוזייל","כפר נוער עדנים","להב","להבים","מפעלי אבשלום","משמר הנגב","רהט","שובל","תראבין א צאנה"]},{"Key":"ירושלים 194","Value":["א זעיים","אבו דיס","אל ולג'ה","ביר נבאלה","בית איכסא","בית חנינא","דיר כרמיזן","חיזמא","ירושלים","ירושלים","ענאתא","רמת רחל"]},{"Key":"שומרון 123","Value":["א לובאן","בית אריה","ברוכין","דיר בלוט","זאוויה","עופרים","עלי זהב","פדואל","ראפאת ליד פדואל","רנתיס"]},{"Key":"נגב 296","Value":["א נבארי","א סייד ","אבו ג'אבר דרומית ממיתר","אל עטאונה","אעצם","חורה","כרמים","כרמית","מולדה","מיתר","סנסנה","עוקבי"]},{"Key":"קו העימות 15","Value":["א נוואקיר","אדמית","אידמית","אילון","ג'ורדיח","גורן","גורנות הגליל","חניתה","יערה","עראמשה"]},{"Key":"קצרין 7","Value":["א סלבה","אניעם","חד נס","כנף","מעלה גמלא","קדמת צבי","קלע","קצרין","שעל"]},{"Key":"שומרון 126","Value":["א ראם","אבו קש","אבו שח'ידם","אל בירה","בורקה","בילעין","ביר זית","בית איענאן","בית אל","בית דוקו","בית חורון","בית ליקיא","בית סירא","בית ע'ור א תחתא","בית ע'ור אל פוקא","ביתוניא","ביתילו","ביתין","ג'אניה","ג'בע מצפון לירושלים","ג'לזון","ג'מאלא","ג'פנא","גבעת אסף","דולב","דורא אל קריע","דיר איבזיע","דיר עמאר","דיר קדיס","ח'ירבת א טירה","ח'ירבת אל מיסבאח","ח'ירבתא","טירה ליד בית חורון","טלמון","יברוד","כוכב יעקב","כפר ניעמה","כפר עקב","מזרעה אל קיבליה","נחליאל","ניל''י","נעלה","סורדה","ספא","עין איוב","עין יברוד","עין סיניא","עין עריכ","עין קיניא","פסגות","קיביא","קלנדיה","ראס כרכר","ראפאת ליד גבעת זאב","רמאללה","שבתין","שוקבא"]},{"Key":"שומרון 120","Value":["א ראס","אבני חפץ","אודלה","אימאתין","איתמר","אל פונדוק","אלון מורה","באקה","בורין","בית א אל פוקא","בית איבא","בית דג'ן","בית וזן","בית ליד","בית פוריכ","ביתא א תחתא","בלאטה","ברכה","ג'וניד","ג'יוס","ג'ית","ג'מאעין","גבעת סנה יעקב","דיר אל חטב","דיר שרף","הר גריזים","זוואתא","זיתא","ח'וארה","ח'ירבת סיר","חג'ה","חוות גלעד","יאנון","יצהר","כור","כפר ג'מאל","כפר זיבאד","כפר סור","כפר עבוש","כפר קדום","כפר קליל","מג'דל","מדמא","נאקורה","סאלם","סבסטיה","סלעית","ספארין","סרה","עוורתא","עוסארין","עוריף","עזמוט","עין יאנון","עינאבוס","עיראק בורין","ענב","עסירה אל קיבליה","עסכר","עקרבה","פלאמה","פרעון","פרעתה","קדומים","קוזה","קוסין","ראמין","רוג'ייב","רפידיה","שבי שומרון","שופה","שכם","תל"]},{"Key":"שומרון 119","Value":["א שהאדה","אום א תות","איג'ניסיניא","איכתאבא","אירתאח","אל ג'ארושיה","אל מוטילה","אל מוע'ייר","אקרע","באקה א שרקיה","בורקה ליד שכם","בזאריה","בית אומרין","בית קאד","בלעא","ג'בע","ג'ודידה","ג'לבון","ג'למה","ג'לקמוס","ג'נין","ג'רבה","דיר אבו דעיף","דיר אל ע'וסון","דיר ע'זאלה","דנאבה","ואדי א דבע","זאוויה בצפון שומרון","זבאבידה","ח'ירבת אל עקרבאניה","ח'ירבת בית חסן","טובאס","טול כרם","טלוזה","טמון","יאסיד","כופיר","כפר א לבד","כפר ראעי","כפר רומאן","כשדה","מוח'יים פארעה","מירכה","מית'לון","מסיליה","משרוע בית קאד","נור א שמס","נזלה אל ווסטא","נזלה אל ע'רביה","נזלת אבו נאר","ניסף ג'וביל","סאנור","סידא","סילת א דהר","סיר","סיריס","עאבה","עג'ה","עטארה","עילאר","עין אל בידא","ענבתא","ענזה","עסירה א שמאליה","עקבה בשומרון","עקבת תיאסיר","עראנה","ערבונה","עתיל","פחמה","פנדקומיה","פקועה","קבאטיה","ראבא","רמה","שוויכה","תיאסיר","תלפית","תנין"]},{"Key":"יהודה 206","Value":["א שויוח","אל ערוב","אלון שבות","אלון שבות","אלעזר","אפרתה","בית אומר","בית כאחיל","בית סכריא","בית פג'אר","ביתר עילית","בת עין","בתיר","ג'אלא","ג'בעה","הר גילה","ואדי פוכין","ח'ירבת ספא","חוסאן","חלחול","חסכה","כוויזבא","כפר עציון","כרמי צור","מגדל עוז","מועסכר אל ערוב","מראח אל בקר","נווה דניאל","נחאלין","סוריף","סיעיר","עבדאללה איברהים","ראש צורים"]},{"Key":"שומרון 121","Value":["א שייח' אחמד","אבו סלמאן","אל מודוור","אלפי מנשה","אלקנה","בידיה","בית אמין","ג'ינסאפוט","דיר איסתיא","ח'ירבת א נבי אליאס","ח'ירבת אל אשקר","ח'ירבת עסלה","ח'ירבת ראס א טירה","ח'ירבת ראס עטיה","יקיר","כפר לאקף","כפר ת'ולת","מסחה","מעלה שומרון","נופים","סניריא","סרטא","עזון","עזון עתמה","עמנואל","עץ אפרים","צופין","קלקיליה","קראות בני חסן","קרני שומרון","שערי תקווה"]},{"Key":"אשקלון 247","Value":["א.ת אשקלון"]},{"Key":"נגב 287","Value":["אבו ג'אבר","אבו טראש","אבו כף אום בטין","אבו סריחאן","אבו עבדון","אבו עמרה","אבו עסא","אבו רוקייק","אל אסד","לקיה","עומר","תל שבע"]},{"Key":"בית שמש 189","Value":["אבו גוש","איתנים","בית מאיר","בר גיורא","גבעת יערים","יד השמונה","ידידה","כסלון","מטע","נווה אילן","נטף","נס הרים","עין נקובא","עין ראפה","קרית יערים","רמת רזיאל","שואבה","שורש"]},{"Key":"גליל תחתון 63  ","Value":["אבו דיאב","אום א סח'אלי","אחיהוד","אלון הגליל","אעבלין","אתגר","ביר אל מכסור","דמיידה","הרדוף","ח'ואלד","חנתון","טמרה","יבור","יובלים","יודפת","יסעור","יעד","כאבול","כאוכב אבו אל היגא","כפר מנדא","מורשת","מנוף","מצפה אבי''ב","מרכז אזורי מישגב","נופית","סואעד","עדי","עצמון שגב","ערב אל גנאדי","ערב אל נעים","ערב אל סגיראת","ערב אל סמניה","קורנית","ראס עלי","רקפת","שורשים","שכניה","שעב","שפרעם"]},{"Key":"נגב 297","Value":["אבו קוידר אל עפאוי דרומית לנבטים","אבו תלול","אל חמידי","אל עת'אמין","ביר אבו אל חמאם","נבטים","שגב שלום"]},{"Key":"הקריות 71","Value":["אבטין","אושה","אל ח'וואלד מערב","אפק","יגור","כפר המכבי","כפר הנוער הדתי","כפר חסידים א'","כפר חסידים ב'","סרכיס","קרית אתא","רומיחאת","רכסים","רמת יוחנן"]},{"Key":"גליל תחתון 60","Value":["אבטליון","אשבל","אשחר","דייר חנא","הררית","חוג'ייראת","חוסנייה","חזון","יחד","כמאנה","כמון","לוטם","מורן","מכמנים","סח'נין","סלמה","עראבה","ערב אזונר","צביה","ראס אל עין","תרדיון"]},{"Key":"מנשה 104","Value":["אביאל","אלוני יצחק","בית חנניה","בנימינה גבעת עדה","ג'סר א זרקא","גבעת ניל''י","כפר גליקסון","מעגן מיכאל","עמיקם","רגבים"]},{"Key":"קו העימות 22","Value":["אביבים","ברעם","יראון"]},{"Key":"אשדוד 275","Value":["אביגדור","אורות","אחווה","אל עזי","באר טוביה","ינון","כפר אחים","כפר הרי''ף","כפר ורבורג","כפר מנחם","ערוגות","קרית מלאכי","תימורים","תלמי יחיאל"]},{"Key":"שרון 138","Value":["אביחיל","בית יצחק שער חפר","ביתן אהרן","בת חן","גבעת שפירא","גנות הדר","הדר עם","חבצלת השרון","כפר חיים","כפר ידידיה","מעברות","משמר השרון","נורדיה","נתניה","צוקי ים","שושנת העמקים"]},{"Key":"עמק יזרעאל 93","Value":["אביטל","אדירים","אומן","ברק","גבע","גדיש","גדעונה","גן נר","דבורה","חבר","טייבה ליד מולדת","יזרעאל","יעל","כפר יחזקאל","מגן שאול","מוקייבלה","מיטב","מלאה","ניר יפה","פרזון","צנדלה","רם און","רמת צבי","תל יוסף"]},{"Key":"בית שמש 188","Value":["אביעזר","אדרת","אשתאול","בית ג'מאל","בית שמש","בקוע","גבעות עדן","גבעת שמש","גיזו","דייר ראפאת","הראל","זנוח","טל שחר","ישעי","כפר אוריה","מחסיה","מנזר לטרון","מסילת ציון","נווה מיכאל","נווה שלום","נחם","נחשון","נתיב הל''ה","פארק צרעה","צלפון","צרעה","רוגלית","תעוז","תרום"]},{"Key":"קו העימות 17","Value":["אבירים","אלקוש","נטועה","פסוטה"]},{"Key":"שרון 142","Value":["אבן יהודה","אודים","ארסוף","בית יהושע","בני ציון","בצרה","געש","ורדים מוסד חינוכי","חרוצים","יקום","כפר נטר","קרית שלמה","שפיים","תל יצחק"]},{"Key":"קו העימות 16","Value":["אבן מנחם","זרעית","שומרה","שתולה"]},{"Key":"בית שמש 191","Value":["אבן ספיר","אורה","מבוא ביתר","עמינדב","צור הדסה"]},{"Key":"אשדוד 281","Value":["אבן שמואל","אחוזם","איתן","גת","מבחור","נועם","עוזה","קרית גת","שדה משה","שלווה"]},{"Key":"גולן 2","Value":["אבני איתן","אזור תעשייה בני יהודה","אלי עד","אפיק","בני יהודה","גבעת יואב","גשור","חמת גדר","חספין","כפר חרוב","מבוא חמה","מיצר","נאות גולן","נוב","נטור","רמת מגשימים"]},{"Key":"ים המלח 210","Value":["אבנת","מצוקי דרגות","מצפה שלם"]},{"Key":"עוטף עזה 238","Value":["אבשלום","דקל","יבול","יתד","פרי גן","שדי אברהם","תלמי יוסף"]},{"Key":"גולן 1","Value":["אודם","אל רום","בוקעתא","מג'דל שמס","מסעדה","נווה אטי''ב","נמרוד","עין קנייא"]},{"Key":"אשקלון 234","Value":["אוהד","צוחר","שדה ניצן","תלמי אליהו"]},{"Key":"תבור 98","Value":["אוהלו","אלומות","אפיקים","אשדות יעקב איחוד","אשדות יעקב מאוחד","בית זרע","בית ירח","גבעת אבני","דגניה א'","דגניה ב'","הודיות ","הזורעים","יבנאל","כינרת מושבה","כינרת קבוצה","כפר כמא","כפר נהר הירדן","לביא","מנחמיה","פוריה כפר עבודה","פוריה נווה עובד","פוריה עילית","שדה אילן","שרונה"]},{"Key":"שומרון 118","Value":["אום א ריחאן","אום דאר","בורקין","האשימיה","זובובא","זיבדה","ח'ירבת א טורם","ח'ירבת א טייבה","חיננית","חרמש","טורה על ע'רביה","יאמון","יעבד","כופיראת","כפר דאן","כפר קוד","מבוא דותן","מנשיה","נזלה א שרקיה","נזלת זיד","סילת אל ח'רית'יה","עאנין","עראבה ליד ג'נין","ערקה","פיראסין","קפין","רומאנה ממזרח לאום אל פחם","שקד","תיעניכ","תעשיון שח''ק"]},{"Key":"עירון 113","Value":["אום אל פחם","בסמ''ה","גבעת עוז","ח'ירבת מועאוויה","מי עמי","מעלה עירון"]},{"Key":"עירון 112","Value":["אום אל קוטוף","אל מועלקה","אל עריאן","ברקאי","ד'הר אל עבד","דאר אל חנון","ח'ירבת אל עכאבה","כפר קרע","מנסורה","מצפה אילן","ערערה","קציר חריש","ריחן"]},{"Key":"שומרון 124","Value":["אום ספא","איסכאכא","בורהאם","בורוקין","בית רימא","ג'יביא","ג'ילג'יליא","דיר א סודאן","דיר אבו משעל","דיר ניזאם","דיר ע'סאנה","ח'ירבת קיס","חלמיש","יאסוף","כובר","כפר א דיכ","כפר עין","כפר תפוח","לובאן שרקיה","מזאריע א נובאני","מעלה לבונה","נבי סאלח","סאוויה","סינג'יל","עאבוד","עבווין","עג'ול","עטארה ליד ביר זית","עטרת","עמוריה","ערורה","קראות בני זיד"]},{"Key":"עמק חפר 149","Value":["אומץ","אחיטוב","באקה אל ע'רביה","באקה ג'ת","בחן","ג'ת","המעפיל","זיתא ליד באקה אל ע'רביה","זמר","להבות חביבה","מגל","מייסר","מצר","נזלת עיסא"]},{"Key":"באר שבע 288","Value":["אופקים","אופקים","מסלול","פדויים","רנן"]},{"Key":"גליל עליון 44","Value":["אור הגנוז","אמירים","בר יוחאי","חמדת ימים","כפר שמאי","מירון","מרכז אזורי מרום הגליל","עין כמונים","פרוד","קדיתא","שפר"]},{"Key":"עוטף עזה 219","Value":["אור הנר","ארז"]},{"Key":"דן 161","Value":["אור יהודה","גני תקווה","יהוד מונוסון","כפר אז''ר","מעש","נווה אפעל","סביון","קרית אונו","רמת אפעל"]},{"Key":"מנשה 105","Value":["אור עקיבא","קיסריה","שדות ים"]},{"Key":"נגב 301","Value":["אורון","אל מחד'י צפונית לדימונה","אל ע'ול צפונית לדימונה","אל עמראני דרום מערב לדימונה","דימונה","הוואשלה","ירוחם","קסר א סיר","קרנב אבו סלב","רח'מה"]},{"Key":"גולן 3","Value":["אורטל","אלוני הבשן","יונתן","מרום גולן","עין זיוון","קשת"]},{"Key":"אשקלון 256","Value":["אורים","פטיש"]},{"Key":"עמק יזרעאל 86","Value":["אורנים","אלונים","בית זיד","בסמת טבעון","כפר תקווה","קרית טבעון","שער העמקים"]},{"Key":"שרון 143","Value":["אורנית","אלישמע","ג'לג'וליה","גני עם","הוד השרון","חבלה","חגור","חורשים","ירחיב","ירקונה","כפר ברא","כפר מל''ל","כפר קאסם","מתן","נווה ירק","נירית","עדנים","רמות השבים","שדי חמד"]},{"Key":"דן 162","Value":["אזור","בת ים","חולון","מקווה ישראל"]},{"Key":"בקעת בית שאן 128","Value":["אזור תעשיות צבאים","אחוזת שושנה","ביכורה","בית אלפא","בית השיטה","בית יוסף","בית שאן","גשר","חוות דושן","חוות עדן","חוות שפעה","חמדיה","חפצי בה","טירת צבי","ירדנה","כפר רופין","מולדת","מירב","מלכישוע","מסילות","מעוז חיים","מעלה גלבוע","מפעלי שאן","נווה אור","נווה איתן","ניר דוד","עין הנצי''ב","רוויה","רחוב","רשפים","שדה אליהו","שדה נחום","שדי תרומות","שלוחות","תל תאומים"]},{"Key":"הקריות 70","Value":["אזור תעשייה נעמן","כפר ביאליק","קרית ביאליק","קרית חיים","קרית ים","קרית מוצקין","קרית שמואל"]},{"Key":"שומרון 125","Value":["אזור תעשייה שער בנימין","ג'אלוד","ג'וריש","דיר ג'ריר","דיר דיבוואן","ח'ירבת אבו פלאח","טייבה ליד עפרה","יתמא","כפר מאליכ","מגדלים","מוח'מאס","מזרעה א שרקיה","סילואד","עלי","עפרה","קבלאן","קוסרה","קריות","רחלים","רמון","שבות רחל","שילה","תורמוס עייא","תלפית במרכז השומרון"]},{"Key":"עמק יזרעאל 90","Value":["אחוזת ברק","דברת","דחי","טמרה יזרעאל","מפעלי גלבוע","מרחביה מושב","מרחביה קיבוץ","נאעורה","נורית","נין","סולם שונם","עין חרוד איחוד","עין חרוד מאוחד","עפולה"]},{"Key":"שפלה 179","Value":["אחיסמך","בן שמן","בן שמן כפר נוער","גינתון","כרם בן שמן","לוד","ניר צבי"]},{"Key":"שפלה 174","Value":["אחיעזר","בית דגן","גנות","זיתן","חמד","יגל","כפר חב''ד","כפר טרומן","משמר השבעה","צפריה"]},{"Key":"עוטף עזה 220","Value":["איבים","גבים","מכללת ספיר","ניר עם","שדרות"]},{"Key":"עמק חפר 139","Value":["אייל","אילנות","בית ברל","בני דרור","גאולים","חרות","טייבה","טירה","יעף","כוכב יאיר","כפר הס","כפר יעבץ","כפר עבודה","משמרת","ניר אליהו","עזריאל","עין ורד","עין שריד","פורת","פרדסיה","צור יגאל","צור יצחק","צור משה","צור נתן","קדימה צורן","קלנסווה","רמת הכובש","שדה ורבורג","שער אפרים","תל מונד"]},{"Key":"גליל עליון 47","Value":["איילת השחר","גדות","חולתה","יסוד המעלה","משמר הירדן","עמוקה","שדה אליעזר"]},{"Key":"אילת 311","Value":["אילות","אילת"]},{"Key":"תבור 96","Value":["אילניה","בית קשת","גזית","דבוריה","טורעאן","כדורי","כפר מיסר","כפר קיש","כפר תבור","עין דור","שבלי","שדמות דבורה","שעורים"]},{"Key":"שפלה 182","Value":["אירוס","גבעת ברנר","גיבתון","גן שלמה","נצר סרני","רחובות"]},{"Key":"תבור 95","Value":["אכסאל","בלפוריה","הושעיה","הסוללים","יפיע","כפר גדעון","כפר החורש","כפר כנא","מזרע","משהד","נצרת","נצרת עילית","עין מאהל","ערב אל פמאז","ציפורי","ריינה","תל עדשים"]},{"Key":"באר שבע 285","Value":["אל בירה בהר חברון","אמציה","אשכולות","בורג'","בית א רוש אל פוקא","בית מירסים","בני דקלים","כרם עמי","כרמי קטיף","נטע","שומריה","שקף"]},{"Key":"אשדוד 280","Value":["אלומה","ורדון","זבדיאל","זרחיה","מנוחה","נחלה","ניר בנים","סגולה","קדמה","קוממיות","רווחה"]},{"Key":"בקעה 133","Value":["אלון","אלמוג","בית הערבה","גבע בנימין","ורד יריחו","יריחו","כוכב השחר","כפר אדומים","מבואות יריחו","מעלה מכמש","מצפה יריחו","נועימה","נועימה מחנה פליטים","נח''ל אלישע","עין א סולטאן מחנה פליטים","עלמון","עקאבת ג'בר מחנה פליטים","קליה","רימונים"]},{"Key":"עמק יזרעאל 87","Value":["אלוני אבא","בית לחם הגלילית","בית שערים","גבעת אלה","גבת","גיניגר","יפעת","כעביה טבאש חג'אג'רה","כפר יהושע","מגדל העמק","מנשית זבדה","נהלל","נווה יער","עילוט","ערב אל עיסאת","רמת דוד","רמת ישי","שדה יעקב","שמשית","שריד","תמרת"]},{"Key":"עמק חפר 137","Value":["אליכין","אלישיב","בית חזון","גבעת חיים איחוד","גבעת חיים מאוחד","חגלה","חיבת ציון","חרב לאת","כפר הרא''ה","עין החורש"]},{"Key":"ערבה 310","Value":["אליפז","באר אורה","גרופית","חצבה","יהל","יטבתה","לוטן","נאות הכיכר","נאות סמדר","נווה חריף","סמר","ספיר","עידן","עין חצבה","עין יהב","עין תמר","עיר אובות","פארן","צופר","צוקים","קטורה","שחרות"]},{"Key":"גליל עליון 50","Value":["אליפלט","אלמגור","אמנון","ורד הגליל","חצור הגלילית","טובא זנגריה","כורזים","כפר הנשיא","כפר נחום","כרי דשא","כרכום","מחניים","עמיעד","ראש פינה"]},{"Key":"מנשה 103","Value":["אליקים","ג'ועארה","גלעד","דליה","הזורע","יוקנעם","יוקנעם עילית","מגידו","מדרך עוז","משמר העמק","עין העמק","עין השופט","רמות מנשה","רמת השופט"]},{"Key":"שפלה 169","Value":["אלעד","בארות יצחק","בני עטרות","גבעת כ''ח","מגשימים","מזור","נופך","נחלים","נחשונים","רינתיה"]},{"Key":"אשדוד 272","Value":["אמונים","בית עזרא","גבעתי","עזר","עזריקם","שדה עוזיהו","שתולים"]},{"Key":"גליל תחתון 55  ","Value":["ארבל","גינוסר","חוקוק","חמאם","כחל","כפר זיתים","כפר חיטים","לבנים","מגדל","רביד"]},{"Key":"בקעה 130","Value":["ארגמן","בקעות","ברדלה","זובידאת","ח'לת אל פולה","חמדת","חמרה","מחולה","מכורה","מרג' נעג'ה","משכיות","עאטוף","פארעה אל ג'פתלכ","פרוש בית דג'ן","רועי","רותם","שדמות מחולה","תל א שמסיה","תל אל בידה"]},{"Key":"שומרון 122","Value":["אריאל","ברקן","חארס","כיפל חארת","מרדה","סלפית","עין אל מטווי","פרח'ה","קירה","קרית נטפים","רבבה"]},{"Key":"אשקלון 253","Value":["אשבול","זרועה","יושיביה","מבועים","ניר משה","ניר עקיבא","פעמי תש''ז","קלחים","שבי דרום","שדה צבי","תלמי ביל''ו"]},{"Key":"אשדוד 271","Value":["אשדוד","בני דרום","נווה הרצוג","ניר גלים","עד הלום"]},{"Key":"נגב 302","Value":["אשלים","באר מילכה","ביר הדאג'","טללים","כמהין","מעלה שביט","משאבי שדה","ניצנה כפר נוער","ניצני סיני","עזוז","קציעות","ראם תשלובת חקלאית","רביבים","רוח במדבר","רתמים","שיבטה"]},{"Key":"אשקלון 246","Value":["אשקלון","באר גנים"]},{"Key":"גליל עליון 38","Value":["אשרת","ג'וליס","גיתה","טל אל","ירכא","כליל","כפר יאסיף","לפידות","עמקה"]},{"Key":"שפלה 178","Value":["באר יעקב","ישרש","מצליח","צריפין","רמלה"]},{"Key":"באר שבע 292","Value":["באר שבע","מסעודין אל עזאזמה"]},{"Key":"עמק חפר 150","Value":["בארותיים","בורגתה","בית הלוי","בת חפר","גן יאשיה","העוגן","חניאל","יד חנה","ינוב","כפר יונה","כפר מונש","ניצני עוז","עולש","תנובות"]},{"Key":"עוטף עזה 227","Value":["בארי"]},{"Key":"שפלה 181","Value":["בודרוס","גמזו","חשמונאים","כפר דניאל","כפר הארנים","כפר רות","לפיד","מבוא חורון","מבוא מודיעים","מודיעין מכבים רעות","מודיעין עילית","מידיה","מתתיהו","נוף איילון","ניעלין","שילת","שעלבים"]},{"Key":"גליל עליון 37","Value":["בוסתן הגליל","בית העמק","ג'דידה מכר","כפר מסריק","נס עמים","נתיב השיירה","עין המפרץ","עכו","שייח' דנון","שמרת"]},{"Key":"גליל תחתון 57","Value":["בועיינה נוג'יידאת","טפחות","כלנית","כפר חנניה","מגאר","מסד","מצפה נטופה","עיילבון","עינבר","קדרים"]},{"Key":"באר שבע 289","Value":["בטחה","גילת","תפרח"]},{"Key":"בית שמש 190","Value":["בידו","בית זית","בית נקופה","בית סוריכ","הר אדר","מבשרת ציון","מוצא עילית","מעלה החמישה","צובה","קרית ענבים"]},{"Key":"גליל עליון 42","Value":["ביענה","גילון","דייר אל אסד","כרמיאל","לבון","מג'ד אל כרום","נחף","סאג'ור","עין אל אסד","צורית","קובסי","ראמה","שגור","שזור"]},{"Key":"אשדוד 273","Value":["ביצרון","בני עי''ש","גן הדרום","גן יבנה","חצב","חצור אשדוד","כנות","נווה מבטח"]},{"Key":"גליל עליון 49","Value":["ביריה","צפת"]},{"Key":"כרמל 82","Value":["בית אורן","גבעת וולפסון","דאלית אל כרמל","עספיא"]},{"Key":"שומרון 127","Value":["בית איג'זא","ג'ודירה","ג'יב","גבעון החדשה","גבעת זאב","נבי סמואל"]},{"Key":"אשדוד 268","Value":["בית אלעזרי","בית חלקיה","בני ראם","ברורים","גדרה","גני טל","חפץ חיים","יד בנימין","קדרון","רבדים"]},{"Key":"גליל עליון 43","Value":["בית ג'ן","חלוץ","חרשים"]},{"Key":"אשדוד 282","Value":["בית גוברין","בית ניר","גלאון","לכיש"]},{"Key":"אשדוד 267","Value":["בית גמליאל","בית רבן","בן זכאי","בניה","כפר אביב","כפר מרדכי","כרם יבנה","מישר","משגב דב","עשרת","צופיה","קבוצת יבנה","שדמה"]},{"Key":"אשקלון 254","Value":["בית הגדי","נתיבות","קרית חינוך שדות נגב"]},{"Key":"קו העימות 26","Value":["בית הלל","יובל","כפר גלעדי","מטולה","מנרה","מעיין ברוך","מרגליות","משגב עם","קרית שמונה","תל חי"]},{"Key":"שפלה 183","Value":["בית חנן","בית עובד","נס ציונה","עיינות"]},{"Key":"שרון 137","Value":["בית חרות","בית ינאי","גאולי תימן","חופית","כפר ויתקין","מבואות ים","מכמורת","נעורים"]},{"Key":"שפלה 184","Value":["בית חשמונאי","בית עוזיאל","גזר","גני הדר","גני יוחנן","חולדה","יד רמב''ם","יסודות","יציץ","כפר ביל''ו","כפר בן נון","כפר שמואל","כרמי יוסף","מזכרת בתיה","מרכז קניות ביל''ו","משמר איילון","משמר דוד","נען","נצר חזני","סתריה","עזריה","פדיה","פתחיה","קרית עקרון","רמות מאיר"]},{"Key":"שפלה 173","Value":["בית נחמיה","בית עריף","ברקת","חדיד","טירת יהודה","מרכז שוהם","שוהם"]},{"Key":"כרמל 81","Value":["בית צבי","גבע כרמל","ימין אורד","מגדים","נווה ים","ניר עציון","עין הוד","עין חוד","עין כרמל","עתלית"]},{"Key":"גליל תחתון 61","Value":["בית רימון","עוזייר","רומאנה","רומת היב"]},{"Key":"אשקלון 250","Value":["בית שיקמה","בת הדר","גיאה","מבקיעים","תלמי יפה"]},{"Key":"קו העימות 30","Value":["בן עמי","כברי"]},{"Key":"דן 160","Value":["בני ברק","גבעת שמואל","גבעתיים","חוות שלם","פתח תקווה","רמת גן"]},{"Key":"אשקלון 238","Value":["בני נצרים","נווה","שלומית"]},{"Key":"קו העימות 14","Value":["בצת","כפר ראש הנקרה","לימן","מצובה","שלומי"]},{"Key":"אשקלון 251","Value":["ברור חיל","חלץ","שדה דוד","תלמים"]},{"Key":"אשקלון 255","Value":["ברוש","גבעולים","מלילות","מעגלים","שיבולים","שרשרת","תאשור","תדהר"]},{"Key":"אשקלון 248","Value":["ברכיה","הודיה","כפר סילבר","משען","ניר ישראל"]},{"Key":"מנשה 102","Value":["בת שלמה","דור","הבונים","זכרון יעקב","כרם מהר''ל","מאיר שפיה","מעיין צבי","מרכז מיר''ב","נחשולים","עופר","עין איילה","פוריידיס","צרופה"]},{"Key":"מעלה אדומים 200","Value":["ג'האלין","מעלה אדומים","עיזרייה","קדר"]},{"Key":"קו העימות 23","Value":["ג'יש","דלתון","כרם בן זמרה","עלמה","ריחאנייה"]},{"Key":"אשדוד 266","Value":["גאליה","יבנה","כפר הנגיד"]},{"Key":"אשקלון 257","Value":["גבולות","צאלים"]},{"Key":"שפלה 168","Value":["גבעת השלושה","גת רימון","כפר סירקין","פתח תקווה","תעשיון השרון"]},{"Key":"שרון 140","Value":["גבעת ח''ן","רעננה","רשפון"]},{"Key":"מנשה 108","Value":["גבעת חביבה","גן שמואל","מאור","מענית","שדה יצחק","שער מנשה","תלמי אלעזר"]},{"Key":"אשדוד 278","Value":["גבעת ישעיהו","גפן","זכריה","כפר זוהרים","לוזית","נחושה","עגור","צפרירים","שדות מיכה","שריגים","תירוש"]},{"Key":"עוטף עזה 251","Value":["גברעם"]},{"Key":"קו העימות 25","Value":["גונן","כפר בלום","כפר סאלד","להבות הבשן","נאות מרדכי","עמיר","שדה נחמיה","שמיר"]},{"Key":"בקעה 131","Value":["גיתית","יפית","משואה","שלומציון"]},{"Key":"בקעה 132","Value":["גלגל","דומא","ייט''ב","מוע'ייר","מעלה אפרים","נירן","נעמי","נתיב הגדוד","עוג'א אתחתא","עין מע'ר","פסאיל","פצאל","תומר"]},{"Key":"דן 155","Value":["גליל ים","הכפר הירוק","הרצליה","כפר שמריהו","רמת השרון"]},{"Key":"מנשה 106","Value":["גן השומרון","כפר פינס","משמרות","נווה אבות","עין עירון","עין שמר","פרדס חנה כרכור"]},{"Key":"שרון 141","Value":["גן חיים","כפר סבא","נווה ימין","צופית"]},{"Key":"שפלה 175","Value":["גן שורק","נטעים","פלמחים","ראשון לציון"]},{"Key":"קו העימות 31","Value":["געתון","יחיעם","מנות","נווה זיו","עבדון","עין יעקב"]},{"Key":"קו העימות 29","Value":["גשר הזיו","נהריה","סער","עברון","שבי ציון"]},{"Key":"קו העימות 19","Value":["דוב''ב","מתת","סאסא"]},{"Key":"אשקלון 252","Value":["דורות","חוות שיקמים","רוחמה"]},{"Key":"קו העימות 24","Value":["דישון","יפתח","מלכיה","מרכז כ''ח","רמות נפתלי"]},{"Key":"קו העימות 28","Value":["דן","דפנה","הגושרים","ע'ג'ר","שאר ישוב","שניר"]},{"Key":"קצרין 10","Value":["האון","מסדה","מעגן","עין גב","רמות","שער הגולן","תל קציר"]},{"Key":"חיפה 75","Value":["החותרים","חיפה","טירת כרמל","כפר גלים"]},{"Key":"עמק יזרעאל 89","Value":["היוגב","כפר ברוך"]},{"Key":"קו העימות 32","Value":["הילה","חוסן","כפר ורדים","מעונה","מעיליא","מעלות תרשיחא"]},{"Key":"אשקלון 249","Value":["זוהר","יד נתן","כוכב מיכאל","נגבה","נהורה","נוגה","ניר ח''ן","עוצם","שדה יואב","שחר"]},{"Key":"עוטף עזה 217","Value":["זיקים","כרמיה"]},{"Key":"עוטף עזה 225","Value":["זמרת","חוות יזרעם","כפר מימון","שובה","שוקדה","תושיה","תקומה"]},{"Key":"מנשה 107","Value":["חדרה"]},{"Key":"עוטף עזה 236","Value":["חולית","ניר יצחק","סופה"]},{"Key":"קו העימות 20","Value":["חורפיש","פקיעין","פקיעין חדשה","צבעון","צוריאל"]},{"Key":"באר שבע 291","Value":["חצרים"]},{"Key":"גליל תחתון 56  ","Value":["טבריה","מצפה"]},{"Key":"גליל עליון 41","Value":["יאנוח ג'ת","כיסרא סומיע","מגדל תפן"]},{"Key":"עוטף עזה 218","Value":["יד מרדכי","נתיב העשרה"]},{"Key":"עוטף עזה 222","Value":["יכיני"]},{"Key":"ים המלח 207 ","Value":["ים המלח בתי מלון","מצדה","נווה זוהר","עין בוקק","עין גדי"]},{"Key":"עוטף עזה 234","Value":["ישע","מבטחים","עמיעוז"]},{"Key":"עוטף עזה 230","Value":["כיסופים"]},{"Key":"גליל עליון 40","Value":["כישור","פלך","תובל"]},{"Key":"עוטף עזה 223","Value":["כפר עזה","סעד"]},{"Key":"עוטף עזה 237","Value":["כרם שלום"]},{"Key":"גליל עליון 35","Value":["לוחמי הגיטאות","מזרעה","רגבה"]},{"Key":"עוטף עזה 233","Value":["מגן","מועצה אזורית אשכול","מפעלי מעון","עין הבשור"]},{"Key":"נגב 305","Value":["מדרשת בן גוריון","מצפה רמון","מרחב עם","שדה בוקר","שלווה במדבר"]},{"Key":"שפלה 171","Value":["מחנה נחשונים"]},{"Key":"עוטף עזה 221","Value":["מפלסים"]},{"Key":"אשדוד 276","Value":["מרכז שפירא","משואות יצחק","עין צורים","שפיר"]},{"Key":"עוטף עזה 224","Value":["נחל עוז","עלומים"]},{"Key":"אשקלון 245","Value":["ניצן","ניצן ב'","ניצנים"]},{"Key":"עוטף עזה 232","Value":["ניר עוז"]},{"Key":"עוטף עזה 231","Value":["נירים","עין השלושה"]},{"Key":"חיפה 78","Value":["נמל חיפה"]},{"Key":"שפלה 172","Value":["נמל תעופה בן גוריון"]},{"Key":"כרמל 80","Value":["נשר"]},{"Key":"גליל עליון 46","Value":["ספסופה"]},{"Key":"שפלה 170","Value":["עינת","ראש העין"]},{"Key":"עוטף עזה 228","Value":["רעים"]},{"Key":"ערבה 308","Value":["שיטים"]},{"Key":"דן 157","Value":["תל אביב יפו"]}]}